{
  "scale": 1.25,
  "x": -251.68184858619867,
  "y": -82.84124860646618,
  "locked": true
}